1,https://connect.justia.com/webinars,email,2023-07,webinar-blast,image-header-logo-1,
1,https://connect.justia.com/webinars/practice-law-with-ai-without-losing-your-law-license,,,,,
2,#,,,,,
1,https://www.justia.com/marketing/,email,2023-07,insights-newsletter,image-footer-logo-1,
1,https://www.justia.com/marketing/,,,,,
1,*|UNSUB|*,,,,,
1,https://www.justia.com/marketing/privacy-policy/,,,,,
1,https://www.facebook.com/justia,,,,,
1,https://twitter.com/justiacom,,,,,
1,https://www.linkedin.com/company/justia,,,,,
1,https://www.youtube.com/justia,,,,,
1,https://lawyers.justia.com/organization/justia-inc-16302,,,,,
1,https://www.justia.com/,,,,,
