1,https://www.justia.com/marketing/connect/,email,2022-07,quarterly-elevate-newsletter,image-header-logo-1,
1,https://www.justia.com/marketing/elevate/,email,2022-07,quarterly-newsletter,welcome-banner,
5,#,,,,,
1,https://elevatedesigns.justia.com/,email,2022-07,quarterly-elevate-newsletter,text-whats-new-section-1,
1,https://elevatedesigns.justia.com/,email,2022-07,quarterly-elevate-newsletter,text-whats-new-section-2,
1,https://help.justia.com/portal/en/kb/articles/maximizing-your-website-content-seo-with-elevate-seo-features-by-yoast/,email,2022-07,quarterly-elevate-newsletter,button-justia-help-center-1,
1,https://help.justia.com/portal/en/kb/articles/how-to-sign-up-for-copyscape-premium-to-check-your-site-s-content-for-duplication/,email,2022-07,quarterly-elevate-newsletter,button-justia-help-center-2,
1,https://help.justia.com/portal/en/kb/articles/how-can-i-influence-google-to-show-my-website-as-a-featured-answer-at-the-top/,email,2022-07,quarterly-elevate-newsletter,button-justia-help-center-3,
1,https://onward.justia.com/why-non-google-ppc-matters-for-law-firms/,email,2022-07,quarterly-elevate-newsletter,text-justia-desk-title-1,
1,https://onward.justia.com/why-non-google-ppc-matters-for-law-firms/,email,2022-07,quarterly-elevate-newsletter,link-justia-desk-title-1,
1,https://onward.justia.com/seo-basics-for-lawyers-keyword-research,email,2022-07,quarterly-elevate-newsletter,text-justia-desk-title-2,
1,https://onward.justia.com/seo-basics-for-lawyers-keyword-research,email,2022-07,quarterly-elevate-newsletter,link-justia-desk-title-2,
1,https://www.justia.com/marketing/,email,2022-07,quarterly-elevate-newsletter,image-footer-logo-1,
1,https://help.justia.com/,,,,,
1,https://www.justia.com/privacy-policy/,,,,,
1,*|UNSUB|*,,,,,
1,https://www.facebook.com/justia,,,,,
1,https://twitter.com/justiacom,,,,,
1,https://www.linkedin.com/company/justia,,,,,
1,https://lawyers.justia.com/organization/justia-inc-16302,,,,,
1,https://www.justia.com/,,,,,