1,https://www.justia.com/marketing/lawyer-directory/,email,2023-05,,image-header-logo-1,
1,https://www.justia.com/marketing/,email,2023-05,,,
1,tel:8885878421,,,,,
1,https://www.justia.com/marketing/,email,2023-05,quarterly-connect-newsletter,image-footer-logo-1,
1,https://www.justia.com/marketing/,,,,,
1,*|UNSUB|*,,,,,
1,https://www.justia.com/marketing/privacy-policy/,,,,,
1,https://www.facebook.com/justia,,,,,
1,https://twitter.com/justiacom,,,,,
1,https://www.linkedin.com/company/justia,,,,,
1,https://lawyers.justia.com/organization/justia-inc-16302,,,,,
1,https://www.justia.com/,,,,,