1,https://www.justia.com/marketing/connect/#pro-membership,,,,,
6,#,,,,,
1,https://www.justia.com/marketing/,email,2022-10,monthly-connect-pro-newsletter,section-community-tips-title-v1,
1,https://www.justia.com/marketing/,email,2022-10,monthly-connect-pro-newsletter,section-community-tips-button-v1,
1,https://connect.justia.com/legal-deals/posh/14-day-free-trial/,email,2022-10,monthly-connect-pro-newsletter,button-legal-deals-1,
1,https://deals.justia.com/discounts/offer/50:282385867,email,2022-10,monthly-connect-pro-newsletter,button-legal-deals-2,
1,https://onward.justia.com/the-5-best-ways-for-your-law-firm-to-stand-out-online/,email,2022-10,monthly-connect-pro-newsletter,text-justia-desk-title-1,
1,https://onward.justia.com/the-5-best-ways-for-your-law-firm-to-stand-out-online/,email,2022-10,monthly-connect-pro-newsletter,link-justia-desk-title-1,
1,https://onward.justia.com/news-notes-on-google-local-services-ads-october-2022/,email,2022-10,monthly-connect-pro-newsletter,text-justia-desk-title-2,
1,https://onward.justia.com/news-notes-on-google-local-services-ads-october-2022/,email,2022-10,monthly-connect-pro-newsletter,link-justia-desk-title-2,
1,https://connect.justia.com/webinars/google-ads-for-lawyers-ppc-101,email,2022-10,monthly-connect-pro-newsletter,section-webinars-title-1,
1,https://connect.justia.com/webinars/google-ads-for-lawyers-ppc-101,email,2022-10,monthly-connect-pro-newsletter,section-webinars-button-1,
1,https://connect.justia.com/webinars/technical-seo-for-law-firm-websites,email,campaign-1052-promo-452,monthly-connect-pro-newsletter,section-webinars-title-2?utm_medium=email,
1,https://connect.justia.com/webinars/technical-seo-for-law-firm-websites,email,campaign-1052-promo-452,monthly-connect-pro-newsletter,section-webinars-title-2,
1,https://connect.justia.com/webinars/advanced-citation-link-building-for-seo,email,2022-10,monthly-connect-pro-newsletter,section-webinars-title-3,
1,https://connect.justia.com/webinars/advanced-citation-link-building-for-seo,email,2022-10,monthly-connect-pro-newsletter,section-webinars-button-3,
1,https://connect.justia.com/webinars/fundamentals-of-citation-link-building-for-seo,email,2022-10,monthly-connect-pro-newsletter,section-webinars-title-4,
1,https://connect.justia.com/webinars/fundamentals-of-citation-link-building-for-seo,email,2022-10,monthly-connect-pro-newsletter,section-webinars-button-4,
1,https://news.justia.com/the-onion-files-amicus-brief-in-support-of-parody/,email,2022-10,monthly-connect-pro-newsletter,image-alert-news-1,
1,https://news.justia.com/the-onion-files-amicus-brief-in-support-of-parody/,email,2022-10,monthly-connect-pro-newsletter,text-alert-news-title-1,
1,https://www.theonion.com/,,,,,
1,https://news.justia.com/,email,2022-10,monthly-connect-pro-newsletter,link-alert-news-1,
1,https://news.justia.com/the-onion-files-amicus-brief-in-support-of-parody/,email,2022-10,monthly-connect-pro-newsletter,button-learn-more-1,
1,https://www.justia.com/marketing/lawyer-directory/platinum/,email,2022-10,image-monthly-connect-pro-newsletter-bottom-section,,
1,https://www.justia.com/marketing/lawyer-directory/platinum/,email,2022-10,button-monthly-connect-pro-newsletter-bottom-section,,
1,https://connect.justia.com/pro/terms/credit,,,,,
1,https://www.justia.com/marketing/,email,2022-10,monthly-connect-pro-newsletter,image-footer-logo-1,
1,https://www.justia.com/marketing/,,,,,
1,*|UNSUB|*,,,,,
1,https://www.justia.com/marketing/privacy-policy/,,,,,
1,https://www.facebook.com/justia,,,,,
1,https://twitter.com/justiacom,,,,,
1,https://www.linkedin.com/company/justia,,,,,
1,https://lawyers.justia.com/organization/justia-inc-16302,,,,,
1,https://www.justia.com/,,,,,