1,https://www.justia.com/marketing/connect/,email,2022-09,quarterly-connect-newsletter,image-header-logo-1,
2,https://www.justia.com/marketing/save-100-on-select-products-from-justia-marketing-solutions/,email,2022-09,quarterly-connect-newsletter,connect-pro-membership,
1,tel:8885878421,,,,,
1,https://www.justia.com/marketing/,email,2022-09,quarterly-connect-newsletter,image-footer-logo-1,
1,https://www.justia.com/marketing/,,,,,
1,*|UNSUB|*,,,,,
1,https://www.justia.com/marketing/privacy-policy/,,,,,
1,https://www.facebook.com/justia,,,,,
1,https://twitter.com/justiacom,,,,,
1,https://www.linkedin.com/company/justia,,,,,
1,https://lawyers.justia.com/organization/justia-inc-16302,,,,,
1,https://www.justia.com/,,,,,