1,https://www.justia.com/lawyers,,,,,
2,https://www.justia.com/marketing/lawyer-directory/,email,2020-04,directory-newsletter,banner-premium-memberships-v30,
1,tel:8885878421,,,,,
1,https://www.justia.com/marketing/,email,campaign-396-promo-,promo-marketing-premium-memberships,text-learn-more-1,
1,https://www.justia.com/marketing/,email,2020-04,directory-newsletter,image-footer-logo-1,
1,https://www.justia.com/marketing/,,,,,
1,https://www.justia.com/marketing/privacy-policy/,,,,,
1,*|UNSUB|*,,,,,
1,https://www.facebook.com/justia,,,,,
1,https://twitter.com/justiacom,,,,,
1,https://www.linkedin.com/company/justia,,,,,
1,https://lawyers.justia.com/organization/justia-inc-16302,,,,,
1,https://www.justia.com/,,,,,