1,https://www.justia.com/marketing/,email,2022-07,insights-newsletter,image-header-logo-1,
6,#,,,,,
1,https://connect.justia.com/,email,2022-07,insights-newsletter,text-welcome-section-v1,
1,https://onward.justia.com/3-reasons-lawyers-should-claim-their-free-directory-profiles-in-the-early-summer/,email,2022-07,insights-newsletter,image-onward-post-1,
1,https://onward.justia.com/3-reasons-lawyers-should-claim-their-free-directory-profiles-in-the-early-summer/,email,2022-07,insights-newsletter,text-onward-post-title-1,
1,https://onward.justia.com/3-reasons-lawyers-should-claim-their-free-directory-profiles-in-the-early-summer/,email,2022-07,insights-newsletter,button-learn-more-1,
1,https://onward.justia.com/subscribe/,email,2022-07,insights-newsletter,text-justia-desk-suscribe-now-1,
1,https://onward.justia.com/4-common-ppc-myths-that-lawyers-should-not-believe/,email,2022-07,insights-newsletter,text-justia-desk-title-1,
1,https://onward.justia.com/seo-basics-for-lawyers-keyword-research/,email,2022-07,insights-newsletter,text-justia-desk-title-2,
1,https://onward.justia.com/featured-justia-resources-education-law-center/,email,2022-07,insights-newsletter,text-justia-desk-title-3,
1,https://onward.justia.com/why-non-google-ppc-matters-for-law-firms/,email,2022-07,insights-newsletter,text-justia-desk-title-4,
1,https://onward.justia.com/2-years-later-covid-19-lasting-impacts-on-legal-marketing/,email,2022-07,insights-newsletter,text-justia-desk-title-5,
1,https://onward.justia.com/new-opportunity-to-learn-seo-strategies-with-justia-webinars/,email,2022-07,insights-newsletter,text-justia-desk-title-6,
1,https://onward.justia.com/news-notes-on-google-local-services-ads-june-2022/,email,2022-07,insights-newsletter,text-justia-desk-title-7,
1,https://www.justia.com/marketing/lawyer-directory/,email,2022-07,insights-newsletter,banner-premium-memberships-v58,
1,https://lawyers.justia.com/about-the-justia-lawyer-rating-reviews,email,2022-07,directory-newsletter,text-justia-lawyer-rating-and-reviews-featured-title-1,
1,https://lawyers.justia.com/lawyer/160446,email,2022-07,directory-newsletter,image-justia-lawyer-rating-and-reviews-featured-1,
1,https://lawyers.justia.com/lawyer/160446/lawyer-reviews,email,2022-07,directory-newsletter,name-justia-lawyer-rating-and-reviews-featured-1,
1,https://lawyers.justia.com/about-the-justia-lawyer-rating-reviews,email,2022-07,directory-newsletter,button-justia-lawyer-rating-and-reviews-featured-read-more-1,
1,https://answers.justia.com/about-legal-answers#faq-atty,,,,,
1,https://lawyers.justia.com/lawyer/1496477,email,2022-07,directory-newsletter,image-lawyer-ask-a-lawyer-leaderboard-1,
1,https://answers.justia.com/lawyer/1496477/questions/answered,email,2022-07,directory-newsletter,name-lawyer-ask-a-lawyer-leaderboard-1,
1,https://answers.justia.com/about-legal-answers,,,,,
3,https://www.jamesmartinpa.com/,,,,,
1,https://www.justia.com/marketing/elevate/,email,2022-07,insights-newsletter,section-featured-site-of-the-month-link-v1,
1,https://www.justia.com/marketing/contact/,email,2022-07,insights-newsletter,button-learn-more-1,
1,https://connect.justia.com/pro/,email,2022-07,insights-newsletter,section-tip-of-the-month-button-v1,
1,https://arstechnica.com/gadgets/2022/06/remembering-internet-explorer-the-now-dead-browser-that-once-powered-the-internet/,,,,,
1,https://www.forbes.com/sites/brianbushard/2022/06/16/elon-musk-spacex-and-tesla-sued-for-258-billion-in-alleged-dogecoin-pyramid-scheme/,,,,,
1,https://arstechnica.com/tech-policy/2022/06/spacex-fired-employees-who-wrote-letter-slamming-musks-embarrassing-behavior/,,,,,
1,https://www.techdirt.com/2022/06/17/wikimedia-fighting-russian-fines-over-its-content-about-invasion-of-ukraine/,,,,,
1,https://www.searchenginejournal.com/google-business-profile-faqs-help/,,,,,
1,https://www.searchenginejournal.com/google-analytics-gsc-data-mismatch/,,,,,
1,https://searchengineland.com/attract-ideal-customers-quality-content-385669,,,,,
1,https://www.seroundtable.com/google-business-profile-strength-widget-33596.html,,,,,
1,https://www.searchenginejournal.com/social-media/top-sites-platforms/,,,,,
1,https://www.searchenginejournal.com/promote-local-business-instagram/,,,,,
1,https://www.searchenginejournal.com/california-bill-allows-parents-to-sue-for-childs-social-media-addiction/,,,,,
1,https://news.bloomberglaw.com/privacy-and-data-security/meta-apple-spyware-lawsuits-test-nsos-foreign-hacking-shields,,,,,
1,https://www.searchenginejournal.com/googles-criticisms-against-tech-antitrust-bill-are-they-valid/,,,,,
1,https://www.detroitnews.com/story/news/local/michigan/2022/06/09/ryan-kelley-michigan-republican-gop-governor-candidate-arrested/7566967001/,,,,,
1,https://www.theguardian.com/technology/2022/jun/18/cryptocurrency-collapse-bitcoin-kim-kardashian-floyd-mayweather,,,,,
1,https://www.theverge.com/2022/6/12/23164678/google-pay-118-million-settle-gender-discrimination-lawsuit,,,,,
2,https://www.jurispro.com/,,,,,
1,https://www.expertwitnessblog.com/employment-expert-witness-testimony-allowed-in-part-in-racial-discrimination-litigation/1,,,,,
1,https://www.expertwitnessblog.com/biomechanics-expert-witness-testimony-allowed-in-part-in-tesla-crash-litigation/2,,,,,
1,https://www.expertwitnessblog.com/supply-chain-expert-witness-testimony-not-allowed/3,,,,,
1,https://www.expertwitnessblog.com/business-valuation-expert-witness-testimony-allowed-in-hotel-dissolution-litigation/4,,,,,
1,https://www.straffordpub.com/products/obtaining-mobile-phone-evidence-without-the-individual-device-discovery-solutions-2022-07-07,,,,,
1,https://www.americanbar.org/events-cle/mtg/web/423616400/,,,,,
1,https://www.americanbar.org/events-cle/mtg/web/423917598/,,,,,
1,https://www.straffordpub.com/products/the-reverse-reptile-rethinking-traditional-defense-strategies-and-antidotes-2022-07-20,,,,,
1,https://www.straffordpub.com/products/litigating-wage-and-hour-class-actions-certification-and-decertification-2022-07-28 ,,,,,
1,https://www.justia.com/marketing/,email,2022-07,insights-newsletter,image-footer-logo-1,
1,https://www.justia.com/marketing/,,,,,
1,*|UNSUB|*,,,,,
1,https://www.justia.com/marketing/privacy-policy/,,,,,
1,https://www.facebook.com/justia,,,,,
1,https://twitter.com/justiacom,,,,,
1,https://www.linkedin.com/company/justia,,,,,
1,https://lawyers.justia.com/organization/justia-inc-16302,,,,,
1,https://www.justia.com/,,,,,