1,https://www.justia.com/marketing/,email,2021-09,directory-newsletter,image-header-logo-1,
3,#,,,,,
2,https://www.facebook.com/justia,,,,,
2,https://twitter.com/justiacom,,,,,
2,https://www.linkedin.com/company/justia,,,,,
1,https://www.justia.com/marketing/,email,2021-09,directory-newsletter,button-main-image-learn-more-1,
1,https://onward.justia.com/why-lawyers-need-directory-profiles-and-tips-for-maximizing-them/,email,2021-09,directory-newsletter,image-onward-post-1,
1,https://onward.justia.com/why-lawyers-need-directory-profiles-and-tips-for-maximizing-them/,email,2021-09,directory-newsletter,text-onward-post-title-1,
1,https://onward.justia.com/why-lawyers-need-directory-profiles-and-tips-for-maximizing-them/,email,2021-09,directory-newsletter,button-learn-more-1,
1,https://docs.google.com/forms/d/e/1FAIpQLSdKI1HPnDE5MQhQ4EDliIXqp8xRWR1Rre_oiP2yfsKjOqwMZw/viewform,,,,,
1,https://onward.justia.com/5-tips-for-marketing-your-probate-estate-planning-practice/,email,2021-09,directory-newsletter,text-justia-desk-title-1,
1,https://onward.justia.com/questions-your-law-firm-website-home-page-needs-to-answer/,email,2021-09,directory-newsletter,text-justia-desk-title-2,
1,https://onward.justia.com/taking-advantage-of-instagram-to-build-your-law-firms-image/,email,2021-09,directory-newsletter,text-justia-desk-title-3,
1,https://onward.justia.com/first-impressions-20-law-firm-logos-to-inspire-you/,email,2021-09,directory-newsletter,text-justia-desk-title-4,
1,https://onward.justia.com/54-marketing-statistics-for-lawyers-to-remember/,email,2021-09,directory-newsletter,text-justia-desk-title-5,
1,https://onward.justia.com/creating-an-effective-lawyer-blog-post/,email,2021-09,directory-newsletter,text-justia-desk-title-6,
1,https://onward.justia.com/law-firm-branding-the-rise-of-the-shortened-law-firm-name/,email,2021-09,directory-newsletter,text-justia-desk-title-7,
1,https://onward.justia.com/justia-lawyer-directory-by-the-numbers-second-quarter-2021/,email,2021-09,directory-newsletter,text-justia-desk-title-8,
1,https://www.justia.com/marketing/lawyer-directory/,email,2021-09,directory-newsletter,banner-premium-memberships-v48,
1,https://onward.justia.com/accessibility-for-websites-a11y/,email,2021-09,directory-newsletter,image-onward-post-2,
1,https://onward.justia.com/accessibility-for-websites-a11y/,email,2021-09,directory-newsletter,text-onward-post-title-2,
1,https://onward.justia.com/accessibility-for-websites-a11y/,email,2021-09,directory-newsletter,button-learn-more-2,
3,https://www.hill-law-offices.com/,,,,,
1,https://www.justia.com/marketing/elevate/law-firm-websites/,email,2021-09,directory-newsletter,section-featured-site-of-the-month-link-v1,
1,https://www.justia.com/marketing/elevate/law-firm-websites/,email,2021-09,directory-newsletter,button-learn-more-1,
1,https://answers.justia.com/,,,,,
1,https://www.cnbc.com/2021/08/11/bipartisan-bill-targets-apple-and-googles-ability-to-profit-from-app-stores.html,,,,,
1,https://www.vox.com/recode/2021/8/10/22617196/apple-ios15-photo-messages-scanned,,,,,
1,https://time.com/6092115/elizabeth-holmes-trial/,,,,,
1,https://www.theverge.com/2021/8/26/22643807/apple-developer-class-action-lawsuit-collect-information-ios-apps-anti-steering,,,,,
1,https://searchengineland.com/google-confirms-it-changed-how-it-creates-titles-for-search-result-listings-351506,,,,,
1,https://www.searchenginejournal.com/top-seo-scams/,,,,,
1,https://searchengineland.com/google-link-spam-update-done-rolling-out-351483,,,,,
1,https://www.seroundtable.com/keyword-rich-domains-google-seo-31922.html,,,,,
1,https://www.seroundtable.com/google-my-business-product-approval-31976.html,,,,,
1,https://www.searchenginejournal.com/google-low-traffic-does-not-always-mean-low-quality/,,,,,
1,https://www.searchenginejournal.com/how-instagrams-reels-algorithm-works/,,,,,
1,https://techcrunch.com/2021/08/12/tiktok-to-add-more-privacy-protections-for-teenaged-users-limit-push-notifications/,,,,,
1,https://news.bloomberglaw.com/daily-labor-report/tinders-24-million-deal-to-end-age-discrimination-suit-undone,,,,,
1,https://www.socialmediatoday.com/news/linkedin-adds-reviews-and-ratings-for-profiles-which-have-added-services-li/,,,,,
1,https://www.geekwire.com/2021/seattle-area-tech-exec-gets-2-years-prison-5-5m-scheme-defraud-covid-relief-program/,,,,,
1,https://www.nytimes.com/2021/08/26/us/politics/capitol-police-jan-6-riot-lawsuit-trump.html,,,,,
1,https://www.abajournal.com/web/article/when-the-supreme-court-cites-your-amicus-brief,,,,,
1,https://www.techdirt.com/articles/20210820/17143847397/copyright-scammers-getting-more-sophisticated-just-as-us-is-about-to-make-it-easier-them.shtml,,,,,
1,https://www.justia.com/marketing/amplify,email,2021-08,directory-newsletter,section-did-you-know-text-v1,
1,https://www.justia.com/marketing/amplify,email,2021-08,directory-newsletter,section-did-you-know-text-v2,
1,https://www.justia.com/marketing/amplify/,email,2021-09,directory-newsletter,section-did-you-know-learn-more-button-v1,
1,https://lawyers.justia.com/about-the-justia-lawyer-rating-reviews,email,2021-09,directory-newsletter,text-justia-lawyer-rating-and-reviews-featured-title-1,
1,https://lawyers.justia.com/lawyer/1523723,email,2021-09,directory-newsletter,image-justia-lawyer-rating-and-reviews-featured-1,
1,https://lawyers.justia.com/lawyer/1523723/lawyer-reviews,email,2021-09,directory-newsletter,name-justia-lawyer-rating-and-reviews-featured-1,
1,https://lawyers.justia.com/about-the-justia-lawyer-rating-reviews,email,2021-09,directory-newsletter,button-justia-lawyer-rating-and-reviews-featured-read-more-1,
1,https://answers.justia.com/about-legal-answers#faq-atty,,,,,
1,https://lawyers.justia.com/lawyer/1665995,email,2021-09,directory-newsletter,image-lawyer-ask-a-lawyer-leaderboard-1,
1,https://answers.justia.com/lawyer/1665995/questions/answered,email,2021-09,directory-newsletter,name-lawyer-ask-a-lawyer-leaderboard-1,
1,https://lawyers.justia.com/lawyer/1666013,email,2021-09,directory-newsletter,image-lawyer-ask-a-lawyer-leaderboard-2,
1,https://answers.justia.com/lawyer/1666013/questions/answered,email,2021-09,directory-newsletter,name-lawyer-ask-a-lawyer-leaderboard-2,
1,https://lawyers.justia.com/lawyer/1494765,email,2021-09,directory-newsletter,image-lawyer-ask-a-lawyer-leaderboard-3,
1,https://answers.justia.com/lawyer/1494765/questions/answered,email,2021-09,directory-newsletter,name-lawyer-ask-a-lawyer-leaderboard-3,
1,https://lawyers.justia.com/lawyer/1665908,email,2021-09,directory-newsletter,image-lawyer-ask-a-lawyer-leaderboard-4,
1,https://answers.justia.com/lawyer/1665908/questions/answered,email,2021-09,directory-newsletter,name-lawyer-ask-a-lawyer-leaderboard-4,
1,https://lawyers.justia.com/lawyer/1533343,email,2021-09,directory-newsletter,image-lawyer-ask-a-lawyer-leaderboard-5,
1,https://answers.justia.com/lawyer/1533343/questions/answered,email,2021-09,directory-newsletter,name-lawyer-ask-a-lawyer-leaderboard-5,
1,https://answers.justia.com/about-legal-answers,,,,,
1,http://eepurl.com/dJneqj,,,,,
1,https://www.oberlo.com/media/1623243707-internet-graphic8.png,,,,,
1,https://www.internetlivestats.com/total-number-of-websites/,,,,,
2,https://www.jurispro.com/,,,,,
1,https://www.expertwitnessblog.com/vocational-evaluation-rehabilitation-expert-witness-allowed-to-testify-in-maritime-case/,,,,,
1,https://www.jurispro.com/category/vocational-evaluation-and-rehabilitation-s-300,,,,,
1,https://www.expertwitnessblog.com/court-strikes-portion-of-patent-expert-witness-report-based-on-improper-methodology/,,,,,
1,https://www.jurispro.com/category/patents-s-393,,,,,
1,https://www.expertwitnessblog.com/preventive-medicine-expert-witness-testimony-allowed/,,,,,
1,https://www.jurispro.com/category/preventive-medicine-s-491,,,,,
1,https://www.expertwitnessblog.com/pathology-expert-witness-testimony-allowed-in-part/,,,,,
1,https://www.jurispro.com/category/pathology-s-406,,,,,
1,https://www.jurispro.com/ExpertWitnessWhitePaper,,,,,
1,https://www.pli.edu/programs/Learn-About-Immigration-Pathways-for-At-Risk-Afghans,,,,,
1,https://www.americanbar.org/events-cle/mtg/web/415916537/,,,,,
1,https://www.americanbar.org/events-cle/mtg/web/414956984/,,,,,
1,https://web.cvent.com/event/ce1e036f-d94f-4480-90e6-d984850b7ef0/summary,,,,,
1,https://web.cvent.com/event/b4931dd2-468a-4588-8243-7a1d943ab00c/summary,,,,,
1,https://www.justia.com/marketing/,email,2021-09,directory-newsletter,image-footer-logo-1,
1,https://www.justia.com/marketing/,,,,,
1,https://www.justia.com/marketing/privacy-policy/,,,,,
1,*|UNSUB|*,,,,,
1,https://lawyers.justia.com/organization/justia-inc-16302,,,,,
1,https://www.justia.com/,,,,,