1,https://www.justia.com/marketing/cpc-ppc/,,,,,
2,https://www.justia.com/marketing/contact/amplify-googleads-credit/,email,2021-07,directory-newsletter,[jld-ad-01-example],
1,tel:8885878421,,,,,
1,https://www.justia.com/marketing/,email,2021-07,directory-newsletter,image-footer-logo-1,
1,https://www.justia.com/marketing/,,,,,
1,https://www.justia.com/marketing/privacy-policy/,,,,,
1,*|UNSUB|*,,,,,
1,https://www.facebook.com/justia,,,,,
1,https://twitter.com/justiacom,,,,,
1,https://www.linkedin.com/company/justia,,,,,
1,https://lawyers.justia.com/organization/justia-inc-16302,,,,,
1,https://www.justia.com/,,,,,