1,https://connect.justia.com/webinars,email,2023-03,webinar-blast,image-header-logo-1,
2,https://connect.justia.com/webinars/law-marketing-ethics-issues-in-a-race-for-clients,,,,,
1,https://www.justia.com/marketing/,email,2023-03,client-newsletter,image-footer-logo-1,
1,https://www.justia.com/marketing/,,,,,
1,*|UNSUB|*,,,,,
1,https://www.justia.com/marketing/privacy-policy/,,,,,
1,https://www.facebook.com/justia,,,,,
1,https://twitter.com/justiacom,,,,,
1,https://www.linkedin.com/company/justia,,,,,
1,https://lawyers.justia.com/organization/justia-inc-16302,,,,,
1,https://www.justia.com/,,,,,