1,https://connect.justia.com/webinars,email,2023-08,webinar-blast,image-header-logo-1,
1,https://connect.justia.com/webinars/great-life-great-practice-four-cornerstones-of-law-firm-success,,,,,
1,#,,,,,
1,https://www.justia.com/marketing/,email,2023-08,client-newsletter,image-footer-logo-1,
1,https://www.justia.com/marketing/,,,,,
1,%UNSUBSCRIBELINK%,,,,,
1,https://www.justia.com/marketing/privacy-policy/,,,,,
1,https://www.facebook.com/justia,,,,,
1,https://twitter.com/justiacom,,,,,
1,https://www.linkedin.com/company/justia,,,,,
1,https://www.youtube.com/justia,,,,,
1,https://lawyers.justia.com/organization/justia-inc-16302,,,,,
1,https://www.justia.com/,,,,,