1,https://www.justia.com/marketing/,email,2023-08,insights-newsletter,image-header-logo-1,
7,#,,,,,
1,https://connect.justia.com/,email,2023-08,insights-newsletter,text-welcome-section-v1,
1,https://onward.justia.com/5-effective-strategies-to-reduce-your-marketing-budget-without-losing-results/,email,2023-08,insights-newsletter,image-onward-post-1,
1,https://onward.justia.com/5-effective-strategies-to-reduce-your-marketing-budget-without-losing-results/,email,2023-08,insights-newsletter,text-onward-post-title-1,
1,https://onward.justia.com/5-effective-strategies-to-reduce-your-marketing-budget-without-losing-results/,email,2023-08,insights-newsletter,button-learn-more-1,
1,https://onward.justia.com/subscribe/,email,2023-08,insights-newsletter,text-justia-desk-suscribe-now-1,
1,https://onward.justia.com/justia-legal-guides-administrative-law-resources/,email,2023-08,insights-newsletter,text-justia-desk-title-1,
1,https://onward.justia.com/news-notes-on-google-local-services-ads-june-2023/,email,2023-08,insights-newsletter,text-justia-desk-title-2,
1,https://onward.justia.com/new-cle-this-week-requests-and-forms-as-modern-as-the-evidence-you-seek-presented-by-justia-webinars/,email,2023-08,insights-newsletter,text-justia-desk-title-3,
1,https://onward.justia.com/justia-ask-a-lawyer-by-the-numbers-first-quarter-2023/,email,2023-08,insights-newsletter,text-justia-desk-title-4,
1,https://onward.justia.com/justia-legal-guides-disability-law-center/,email,2023-08,insights-newsletter,text-justia-desk-title-5,
1,https://connect.justia.com/webinars/supreme-court-2022-23-term-in-review/,email,2023-08,insights-newsletter,image-webinar-1,
1,https://connect.justia.com/webinars/supreme-court-2022-23-term-in-review/,email,2023-08,insights-newsletter,text-webinar-title-1,
1,https://connect.justia.com/webinars/supreme-court-2022-23-term-in-review/,email,2023-08,insights-newsletter,button-learn-more-1,
1,https://www.justia.com/marketing/lawyer-directory/,email,2023-08,insights-newsletter,banner-premium-memberships-v70,
1,https://lawyers.justia.com/about-the-justia-lawyer-rating-reviews,email,2023-08,directory-newsletter,text-justia-lawyer-rating-and-reviews-featured-title-1,
1,https://lawyers.justia.com/lawyer/1518593,email,2023-08,directory-newsletter,image-justia-lawyer-rating-and-reviews-featured-1,
1,https://lawyers.justia.com/lawyer/1518593/lawyer-reviews,email,2023-08,directory-newsletter,name-justia-lawyer-rating-and-reviews-featured-1,
1,https://lawyers.justia.com/about-the-justia-lawyer-rating-reviews,email,2023-08,directory-newsletter,button-justia-lawyer-rating-and-reviews-featured-read-more-1,
1,https://answers.justia.com/about-legal-answers#faq-atty,,,,,
1,https://lawyers.justia.com/lawyer/1529307,email,2023-08,directory-newsletter,image-lawyer-ask-a-lawyer-leaderboard-1,
1,https://answers.justia.com/lawyer/1529307/questions/answered,email,2023-08,directory-newsletter,name-lawyer-ask-a-lawyer-leaderboard-1,
1,https://answers.justia.com/about-legal-answers,email,2023-08,insights-newsletter,button-lawyer-ask-a-lawyer-leaderboard-1,
3,https://www.monmouthcountydivorceattorney.com/,,,,,
1,https://www.justia.com/marketing/elevate/,email,2023-08,insights-newsletter,section-featured-site-of-the-month-link-v1,
1,https://www.justia.com/marketing/contact/,email,2023-08,insights-newsletter,button-learn-more-1,
1,https://onward.justia.com/maximizing-the-benefits-of-your-justia-lawyer-directory-profile/,,,,,
1,https://abovethelaw.com/2023/07/lawyers-dont-fight-ai-supervise-it-to-enhance-your-value/,,,,,
1,https://www.lawpracticetipsblog.com/2023/06/using-ai-to-study-rather-than-to-cheat.html,,,,,
1,https://arstechnica.com/information-technology/2023/07/why-ai-detectors-think-the-us-constitution-was-written-by-ai/,,,,,
1,https://www.geekwire.com/2023/microsoft-amazon-other-tech-companies-make-commitment-with-white-house-for-responsible-ai/,,,,,
1,https://www.seroundtable.com/google-no-ranking-factor-compensates-for-missing-relevance-35652.html,,,,,
1,https://www.seroundtable.com/google-core-seo-advice-unchanged-35676.html,,,,,
1,https://www.sterlingsky.ca/turn-off-google-business-profile-reviews/,,,,,
1,https://www.searchenginejournal.com/seo-audit/seo-audit-tools/,,,,,
1,https://www.theverge.com/2023/7/23/23804629/twitters-rebrand-to-x-may-actually-be-happening-soon,,,,,
1,https://about.fb.com/news/2023/07/introducing-threads-new-app-text-sharing/,,,,,
1,https://www.theverge.com/2023/7/19/23800141/instagram-copyright-infringement-embedded-images,,,,,
1,https://www.socialmediatoday.com/news/how-long-take-apps-reach-100-million-users-infographic/688171/,,,,,
1,https://www.theverge.com/2023/6/30/23779880/ftc-fake-reviews-ban-ai,,,,,
1,https://abovethelaw.com/2023/07/attorney-posts-about-case-on-social-media-so-judge-vacates-the-jury-verdict/,,,,,
1,https://www.nytimes.com/2023/07/11/technology/microsoft-activision-deal-ftc.html,,,,,
1,https://www.abajournal.com/news/article/t14-law-school-bans-chatgpt-on-application-essays,,,,,
2,https://www.jurispro.com/,,,,,
1,https://www.expertwitnessblog.com/spine-surgery-expert-witness-allowed-in-automobile-collision-insurance-case/1,,,,,
1,https://www.expertwitnessblog.com/statistics-expert-witness-testimony-allowed-2/2,,,,,
1,https://www.expertwitnessblog.com/professional-engineering-expert-witness-testimony-allowed-in-part-2/3,,,,,
1,https://www.expertwitnessblog.com/accident-reconstruction-expert-witness-testimony-allowed-in-tractor-trailer-crash-litigation/4,,,,,
1,https://www.americanbar.org/events-cle/mtg/web/433554315/,,,,,
1,https://web.cvent.com/event/857b35b2-2b89-4054-92d7-a66670bbac92/summary,,,,,
1,https://connect.justia.com/webinars/great-life-great-practice-four-cornerstones-of-law-firm-success,,,,,
1,https://www.pli.edu/programs/fact-or-fiction-how-can-you-know-whether-electronic-images-or-texts-are-real-or-not,,,,,
1,https://www.straffordpub.com/products/mobile-phone-evidence-at-trial-obtaining-and-admitting-call-logs-text-messages-and-location-data-2023-08-15,,,,,
1,https://www.justia.com/marketing/,email,2023-08,insights-newsletter,image-footer-logo-1,
1,https://www.justia.com/marketing/,,,,,
1,%UNSUBSCRIBELINK%,,,,,
1,https://www.justia.com/marketing/privacy-policy/,,,,,
1,https://www.facebook.com/justia,,,,,
1,https://twitter.com/justiacom,,,,,
1,https://www.linkedin.com/company/justia,,,,,
1,https://www.youtube.com/justia,,,,,
1,https://lawyers.justia.com/organization/justia-inc-16302,,,,,
1,https://www.justia.com/,,,,,