1,https://www.justia.com/marketing/elevate/,email,2023-07,,image-header-logo-1,
3,https://www.justia.com/marketing/elevate/,email,2023-07,,,
1,https://www.justia.com/marketing/,email,2023-07,quarterly-connect-newsletter,image-footer-logo-1,
1,https://www.justia.com/marketing/,,,,,
1,%UNSUBSCRIBELINK%,,,,,
1,https://www.justia.com/marketing/privacy-policy/,,,,,
1,https://www.facebook.com/justia,,,,,
1,https://twitter.com/justiacom,,,,,
1,https://www.linkedin.com/company/justia,,,,,
1,https://www.youtube.com/justia,,,,,
1,https://lawyers.justia.com/organization/justia-inc-16302,,,,,
1,https://www.justia.com/,,,,,