1,https://www.justia.com/marketing/connect/,email,2022-10,insights-newsletter,image-header-logo-1,
1,https://connect.justia.com/webinars/advanced-citation-link-building-for-seo,,,,,
1,http://support.justia.com/,,,,,
1,#,,,,,
1,https://www.justia.com/marketing/,email,2022-10,client-newsletter,image-footer-logo-1,
1,https://www.justia.com/marketing/,,,,,
1,*|UNSUB|*,,,,,
1,https://www.justia.com/marketing/privacy-policy/,,,,,
1,https://www.facebook.com/justia,,,,,
1,https://twitter.com/justiacom,,,,,
1,https://www.linkedin.com/company/justia,,,,,
1,https://lawyers.justia.com/organization/justia-inc-16302,,,,,
1,https://www.justia.com/,,,,,