1,https://www.justia.com/marketing/elevate/,email,campaign-1163-promo-546,promo-marketing-elevate,image-header-logo-1,
1,https://www.justia.com/marketing/contact/elevate/,email,campaign-1163-promo-546,promo-marketing-elevate,image-header-banner-1,
1,https://www.justia.com/marketing/contact/elevate/,email,campaign-1163-promo-546,promo-marketing-elevate,button-learn-more-1,
1,tel:8885878421,,,,,
1,https://www.justia.com/marketing/,email,2023-03,quarterly-connect-newsletter,image-footer-logo-1,
1,https://www.justia.com/marketing/,email,campaign-1163-promo-546,promo-marketing-elevate,text-footer-contact-us-1,
1,*%UNSBUBSCRIBELINK%*,,,,,
1,https://www.justia.com/privacy-policy/,email,campaign-1163-promo-546,promo-marketing-elevate,text-footer-privacy-policy-1,
1,https://www.facebook.com/justia,,,,,
1,https://twitter.com/justiacom,,,,,
1,https://www.linkedin.com/company/justia,,,,,
1,https://lawyers.justia.com/organization/justia-inc-16302,,,,,
1,https://www.justia.com/,,,,,